"8","Mónica0603","MÓNICA EMILIANO BÁEZ ÁVILA","181755","mbáez@ejemplo.com","activo"
"16","Esmeralda0068","ESMERALDA BÉTANCOURT ZAVALA","342089","ebétancourt@ejemplo.com","activo"
"23","Elsa0166","ELSA VALDEZ VILLEGAS","789465","evaldez@ejemplo.com","activo"
"33","Martha0716","MARTHA PORTILLO ARANDA","544565","mportillo@ejemplo.com","activo"
"34","Clemente0858","CLEMENTE ABEL RENDÓN JURADO","597713","crendón@ejemplo.com","activo"
"35","María0658","MARÍA DEL CARMEN MARCELA MUÑIZ PARRA","233244","mmuñiz@ejemplo.com","activo"
"36","Hugo0307","HUGO CARIDAD MELÉNDEZ MENDOZA","393289","hmeléndez@ejemplo.com","activo"
"59","Olga0865","OLGA PUENTE QUINTERO","36711","opuente@ejemplo.com","activo"
"67","Trinidad0331","TRINIDAD DELIA PADILLA PONCE","691201","tpadilla@ejemplo.com","activo"
"68","Karina0426","KARINA CADENA MENA","854447","kcadena@ejemplo.com","activo"
"74","Delia0238","DELIA BARBARA PARTIDA TAFOYA","9374","dpartida@ejemplo.com","activo"
"79","Lilia0980","LILIA MARIANA MANZANARES TREVIÑO","995169","lmanzanares@ejemplo.com","activo"
"80","Óliver0150","ÓLIVER ALONZO ALCARAZ","911304","óalonzo@ejemplo.com","activo"
"84","Emiliano0588","EMILIANO ERNESTO VALDÉS SERRANO","426678","evaldés@ejemplo.com","activo"
"89","Jorge0420","JORGE GRIJALVA SANCHES","912129","jgrijalva@ejemplo.com","activo"
"99","Sandra0080","SANDRA GUILLERMO ADAME GAONA","46363","sadame@ejemplo.com","activo"
"101","Araceli0694","ARACELI JONÁS CARRERA PEREA","904621","acarrera@ejemplo.com","activo"
"106","Ilse0607","ILSE VEGA GAONA","819536","ivega@ejemplo.com","activo"
"109","Ana0988","ANA MARÍA ARTURO CASTAÑEDA LUGO","955907","acastañeda@ejemplo.com","activo"
"118","Sergio0575","SERGIO FLORES PELAYO","562083","sflores@ejemplo.com","activo"
"121","Gustavo0896","GUSTAVO CARLOTA RIVAS CHÁVEZ","300536","grivas@ejemplo.com","activo"
"139","Noelia0149","NOELIA MARES NAVARRO","5114","nmares@ejemplo.com","activo"
"149","Carlota0376","CARLOTA DIANA ANGUIANO LINARES","756037","canguiano@ejemplo.com","activo"
"150","Carlota0594","CARLOTA ROLANDO LINARES ONTIVEROS","307549","clinares@ejemplo.com","activo"
"157","Noemí0964","NOEMÍ CRESPO DE LA O","428270","ncrespo@ejemplo.com","activo"
"158","Ricardo0183","RICARDO MARÍA EUGENIA PÉREZ SOTO","67494","rpérez@ejemplo.com","activo"
"163","Francisca0783","FRANCISCA ARRIAGA PERALES","528290","farriaga@ejemplo.com","activo"
"166","Sonia0305","SONIA CÉSAR MORENO LÓPEZ","883043","smoreno@ejemplo.com","activo"
"174","Catalina0890","CATALINA PONCE CEJA","90661","cponce@ejemplo.com","activo"
"177","Ariadna0831","ARIADNA CLAUDIA GARCÍA VALLEJO","107276","agarcía@ejemplo.com","activo"
"179","Zacarías0410","ZACARÍAS ÁNGELA PALACIOS ROQUE","475481","zpalacios@ejemplo.com","activo"
"183","julio0395","JULIO RODRÍQUEZ BARRIOS","696937","jrodríquez@ejemplo.com","activo"
"186","Bernardo0482","BERNARDO TAPIA VIGIL","925271","btapia@ejemplo.com","activo"
"195","Gerónimo0808","GERÓNIMO DEL VALLE BÉTANCOURT","624977","gdel@ejemplo.com","activo"
"205","José0392","JOSÉ CARLOS MIRIAM TERÁN ORTEGA","951266","jterán@ejemplo.com","activo"
"233","Estela0195","ESTELA MARRERO URIBE","39751","emarrero@ejemplo.com","activo"
"238","Manuel0881","MANUEL DELGADILLO CAZARES","290078","mdelgadillo@ejemplo.com","activo"
"245","Raúl0366","RAÚL ULLOA FRANCO","253276","rulloa@ejemplo.com","activo"
"256","Pilar0944","PILAR BARRERA ARTEAGA","749694","pbarrera@ejemplo.com","activo"
"261","Esparta0892","ESPARTA TRINIDAD CORONA CEJA","920964","ecorona@ejemplo.com","activo"
"267","María0432","MARÍA MODESTO CARABALLO RASCÓN","906127","mcaraballo@ejemplo.com","activo"
"276","Berta0370","BERTA ANGULO PEDRAZA","814342","bangulo@ejemplo.com","activo"
"290","Carolina0994","CAROLINA DOMÍNGUEZ APODACA","357977","cdomínguez@ejemplo.com","activo"
"303","Amalia0649","AMALIA SILVIA PORTILLO MONTOYA","646012","aportillo@ejemplo.com","activo"
"304","Bruno0472","BRUNO LORENA BORREGO JARAMILLO","952163","bborrego@ejemplo.com","activo"
"305","Helena0308","HELENA ROLÓN SALGADO","158253","hrolón@ejemplo.com","activo"
"307","Adán0968","ADÁN NAZARIO ESCOBEDO","638432","anazario@ejemplo.com","activo"
"308","Patricio0404","PATRICIO ALEJANDRO ELIZONDO","258662","palejandro@ejemplo.com","activo"
"311","Jacobo0788","JACOBO TÓRREZ ESTRADA","314824","jtórrez@ejemplo.com","activo"
"312","Ramiro0739","RAMIRO LEIVA ECHEVERRÍA","604171","rleiva@ejemplo.com","activo"
"313","Julia0770","JULIA ROBLEDO ABREU","985600","jrobledo@ejemplo.com","activo"
"315","Carla0968","CARLA OQUENDO SALCEDO","82887","coquendo@ejemplo.com","activo"
"331","Lucía0987","LUCÍA JORGE LUIS MASCAREÑAS BARELA","700157","lmascareñas@ejemplo.com","activo"
"332","Isabel0837","ISABEL PORFIRIO DELGADILLO MONTES","327228","idelgadillo@ejemplo.com","activo"
"339","Violeta0339","VIOLETA ROSARIO VILLEGAS MANZANARES","642426","vvillegas@ejemplo.com","activo"
"350","Ignacio0443","IGNACIO PADILLA CASILLAS","962008","ipadilla@ejemplo.com","activo"
"353","Fidel0033","FIDEL OSWALDO MARTÍNEZ LEDESMA","234221","fmartínez@ejemplo.com","activo"
"359","Darío0987","DARÍO JOSEFINA ARTEAGA TORO","716944","darteaga@ejemplo.com","activo"
"366","Humberto0304","HUMBERTO CYNTHIA BÁEZ VERDUGO","238182","hbáez@ejemplo.com","activo"
"370","Perla0976","PERLA BACA ARMAS","790886","pbaca@ejemplo.com","activo"
"375","Benito0710","BENITO YÁÑEZ CHACÓN","615726","byáñez@ejemplo.com","activo"
"376","Renato0034","RENATO DOLORES ARCE PARRA","543837","rarce@ejemplo.com","activo"
"392","Cristian0536","CRISTIAN OCAMPO MONTENEGRO","437249","cocampo@ejemplo.com","activo"
"395","Vicente0452","VICENTE PINEDA LUEVANO","232694","vpineda@ejemplo.com","activo"
"399","José0841","JOSÉ TÓRREZ ZEDILLO","602755","jtórrez@ejemplo.com","activo"
"404","Josefina0089","JOSEFINA TELLO CAMACHO","162506","jtello@ejemplo.com","activo"
"410","Noemí0851","NOEMÍ OQUENDO ROMERO","555398","noquendo@ejemplo.com","activo"
"411","Hermelinda0311","HERMELINDA AGUILAR MÁRQUEZ","405411","haguilar@ejemplo.com","activo"
"417","Luis0607","LUIS MIGUEL VICENTE FRÍAS HERNÁDEZ","235162","lfrías@ejemplo.com","activo"
"418","Clemente0546","CLEMENTE ALCÁNTAR REYNA","334133","calcántar@ejemplo.com","activo"
"420","Cornelio0818","CORNELIO SAUCEDA BUSTAMANTE","309255","csauceda@ejemplo.com","activo"
"426","Silvia0353","SILVIA MARÍA ELENA HURTADO MAGAÑA","673367","shurtado@ejemplo.com","activo"
"430","Mauricio0312","MAURICIO ARACELI PORTILLO SALDIVAR","251532","mportillo@ejemplo.com","activo"
"432","abril0587","ABRIL CAMILA TERRAZAS UREÑA","9784","aterrazas@ejemplo.com","activo"
"440","Leonor0418","LEONOR VILLA ARMENTA","537458","lvilla@ejemplo.com","activo"
"443","Graciela0488","GRACIELA VILLA MÁRQUEZ","120004","gvilla@ejemplo.com","activo"
"451","María0791","MARÍA LUISA DOMÍNGUEZ OSORIO","887552","mdomínguez@ejemplo.com","activo"
"452","Timoteo0121","TIMOTEO RENTERÍA URIBE","808601","trentería@ejemplo.com","activo"
"472","Zacarías0878","ZACARÍAS DELGADO COLÓN","953230","zdelgado@ejemplo.com","activo"
"473","Natividad0772","NATIVIDAD IBARRA PACHECO","997480","nibarra@ejemplo.com","activo"
"479","Luisa0985","LUISA CORRALES HENRÍQUEZ","192591","lcorrales@ejemplo.com","activo"
"482","María0139","MARÍA JOSÉ ANABEL SANTIAGO MÁRQUEZ","580396","msantiago@ejemplo.com","activo"
"488","Antonio0411","ANTONIO SOCORRO MALAVE TERRAZAS","200101","amalave@ejemplo.com","activo"
"500","Felipe0256","FELIPE HERRERA ESTÉVEZ","1824","fherrera@ejemplo.com","activo"
"504","Rodolfo0553","RODOLFO CORONA PEDRAZA","842246","rcorona@ejemplo.com","activo"
"522","Gabriel0585","GABRIEL LETICIA VALLEJO SUÁREZ","798530","gvallejo@ejemplo.com","activo"
"536","Cristina0886","CRISTINA ALEJANDRO ORTIZ PADRÓN","185296","cortiz@ejemplo.com","activo"
"546","José0881","JOSÉ MARÍA NOEMÍ CONCEPCIÓN MURILLO","423094","jconcepción@ejemplo.com","activo"
"548","Flavio0569","FLAVIO SEPÚLVEDA ALMANZA","321577","fsepúlveda@ejemplo.com","activo"
"553","Daniel0303","DANIEL GUILLEN MONTEMAYOR","674744","dguillen@ejemplo.com","activo"
"564","Francisco0737","FRANCISCO JAVIER DANIEL VARGAS CASTELLANOS","536843","fvargas@ejemplo.com","activo"
"569","Diana0939","DIANA CRUZ MONTEMAYOR","248655","dcruz@ejemplo.com","activo"
"575","Guillermina0430","GUILLERMINA VÍCTOR MATEO SAMANIEGO","372678","gmateo@ejemplo.com","activo"
"584","Vanesa0118","VANESA CATALINA PERES ALTAMIRANO","241503","vperes@ejemplo.com","activo"
"585","Hermelinda0399","HERMELINDA DULCE ALCARAZ ONTIVEROS","858114","halcaraz@ejemplo.com","activo"
"587","Hermelinda0798","HERMELINDA ADRIANA CARVAJAL SÁENZ","279918","hcarvajal@ejemplo.com","activo"
"588","Angélica0782","ANGÉLICA PEDRO GARAY BAHENA","870655","agaray@ejemplo.com","activo"
"594","Mauricio0290","MAURICIO TANIA VALENZUELA RAEL","922497","mvalenzuela@ejemplo.com","activo"
"603","Anabel0738","ANABEL KARLA SOLÍS QUIROZ","232339","asolís@ejemplo.com","activo"
"607","Fidel0179","FIDEL LEYVA PACHECO","139174","fleyva@ejemplo.com","activo"
"611","Agustín0637","AGUSTÍN OSORIO CARRERA","444750","aosorio@ejemplo.com","activo"
"613","Rosalia0245","ROSALIA OCTAVIO TREJO MATÍAS","247743","rtrejo@ejemplo.com","activo"
"629","Mateo0769","MATEO JAIME MALAVE","176730","mjaime@ejemplo.com","activo"
"634","Alberto0694","ALBERTO ELVIA SALGADO SERRATO","806722","asalgado@ejemplo.com","activo"
"637","Rodolfo0482","RODOLFO MONTALVO IRIZARRY","704186","rmontalvo@ejemplo.com","activo"
"646","Gilberto0613","GILBERTO VICTORIA ACOSTA CORONADO","558439","gacosta@ejemplo.com","activo"
"649","Gabino0079","GABINO FABIOLA FARÍAS BAÑUELOS","407219","gfarías@ejemplo.com","activo"
"658","Yuridia0099","YURIDIA RUFINO DURÁN MEDRANO","947989","ydurán@ejemplo.com","activo"
"681","Salvador0074","SALVADOR DULCE MARÍA OLIVARES OSORIO","25590","solivares@ejemplo.com","activo"
"686","Carolina0681","CAROLINA ADAME BALLESTEROS","654109","cadame@ejemplo.com","activo"
"694","Gustavo0186","GUSTAVO ALDO GARICA ROMO","175234","ggarica@ejemplo.com","activo"
"710","Nicolás0686","NICOLÁS LUEVANO LUEVANO","387214","nluevano@ejemplo.com","activo"
"716","Camilo0177","CAMILO CABRERA ARELLANO","226601","ccabrera@ejemplo.com","activo"
"735","José0768","JOSÉ MARÍA JERÓNIMO GÁLVEZ CRUZ","361208","jgálvez@ejemplo.com","activo"
"737","Leonel0548","LEONEL MARTÍNEZ VALDÉS","480518","lmartínez@ejemplo.com","activo"
"738","Wendolin0174","WENDOLIN PIÑA SALDIVAR","156778","wpiña@ejemplo.com","activo"
"739","Graciela0276","GRACIELA MORA LABOY","653576","gmora@ejemplo.com","activo"
"745","Carmen0472","CARMEN LOMELI NARANJO","360032","clomeli@ejemplo.com","activo"
"748","Emilio0261","EMILIO MARÍA LUEVANO MADRIGAL","121354","eluevano@ejemplo.com","activo"
"759","Cecilia0473","CECILIA CRUZ OZUNA","372018","ccruz@ejemplo.com","activo"
"760","Frida0375","FRIDA ÁVILA SAUCEDO","989445","fávila@ejemplo.com","activo"
"762","Teresa0500","TERESA OJEDA MALDONADO","224052","tojeda@ejemplo.com","activo"
"768","Olga0238","OLGA OCTAVIO GUARDADO PATIÑO","639866","oguardado@ejemplo.com","activo"
"769","Liliana0945","LILIANA JUAN CARLOS PALACIOS ESPINOZA","825212","lpalacios@ejemplo.com","activo"
"770","Augusto0205","AUGUSTO PADRÓN QUESADA","781546","apadrón@ejemplo.com","activo"
"772","Porfirio0864","PORFIRIO MERCEDES CORRAL LEYVA","868173","pcorral@ejemplo.com","activo"
"782","Adela0782","ADELA POLANCO SOLANO","569939","apolanco@ejemplo.com","activo"
"783","Gabriela0646","GABRIELA LUCAS CAMARILLO MARTÍNEZ","919056","gcamarillo@ejemplo.com","activo"
"788","Blanca0417","BLANCA OCASIO SANABRIA","596530","bocasio@ejemplo.com","activo"
"789","Concepción0759","CONCEPCIÓN MAGDALENA TREJO VERDUZCO","755069","ctrejo@ejemplo.com","activo"
"791","David0929","DAVID JURADO CONCEPCIÓN","353874","djurado@ejemplo.com","activo"
"796","Marisela0927","MARISELA MAGDALENA PACHECO ROYBAL","744120","mpacheco@ejemplo.com","activo"
"798","Martín0023","MARTÍN DE LA O OLIVARES","267524","mde@ejemplo.com","activo"
"803","Humberto0035","HUMBERTO URIBE ZAVALA","37441","huribe@ejemplo.com","activo"
"808","Úrsula0803","ÚRSULA MÉNDEZ PRADO","81561","úméndez@ejemplo.com","activo"
"818","Patricio0977","PATRICIO ADÁN QUIROZ ROJAS","987411","pquiroz@ejemplo.com","activo"
"831","María0584","MARÍA JOSÉ ABRAHAM MAGAÑA ALMARAZ","547003","mmagaña@ejemplo.com","activo"
"837","Salma0163","SALMA RODRIGO SANCHES CHÁVEZ","472360","ssanches@ejemplo.com","activo"
"841","Amelia0479","AMELIA JUAN CARLOS MONDRAGÓN MONTALVO","292049","amondragón@ejemplo.com","activo"
"843","Leonor0451","LEONOR DANIEL MERINO RENDÓN","700953","lmerino@ejemplo.com","activo"
"851","Nadia0900","NADIA ÁVALOS SALAS","47012","návalos@ejemplo.com","activo"
"858","Miriam0745","MIRIAM PASCUAL SUÁREZ QUIÑÓNEZ","24379","msuárez@ejemplo.com","activo"
"864","Alvaro0504","ALVARO ARREDONDO SALINAS","68943","aarredondo@ejemplo.com","activo"
"865","Paola0163","PAOLA ANGÉLICA PADILLA DE LA ROSA","99726","ppadilla@ejemplo.com","activo"
"875","Enrique0738","ENRIQUE LUIS CARBAJAL CERVANTES","997922","ecarbajal@ejemplo.com","activo"
"878","Claudia0084","CLAUDIA CRISTAL PÉREZ PADRÓN","224504","cpérez@ejemplo.com","activo"
"881","Carlota0084","CARLOTA TIRADO COLUNGA","536617","ctirado@ejemplo.com","activo"
"884","Norma0375","NORMA LEONEL CAVAZOS RIVERO","987295","ncavazos@ejemplo.com","activo"
"886","Helena0760","HELENA ANAYA BARRIENTOS","307546","hanaya@ejemplo.com","activo"
"890","Martha0646","MARTHA PABLO TERRAZAS DE LA O","131076","mterrazas@ejemplo.com","activo"
"892","Humberto0903","HUMBERTO WENDOLIN VERDUGO BALDERAS","549941","hverdugo@ejemplo.com","activo"
"896","Silvia0658","SILVIA BARBARA ROYBAL VALENCIA","748810","sroybal@ejemplo.com","activo"
"899","Wendolin0059","WENDOLIN CARRERA ROYBAL","742555","wcarrera@ejemplo.com","activo"
"900","Sergio0233","SERGIO OMAR GUZMÁN OLIVÁREZ","15416","sguzmán@ejemplo.com","activo"
"903","Carmen0016","CARMEN PILAR LOZADA LOMELI","76915","clozada@ejemplo.com","activo"
"923","Hugo0311","HUGO CEBALLOS ROBLES","676883","hceballos@ejemplo.com","activo"
"927","Beatriz0748","BEATRIZ FIGUEROA SÁENZ","330805","bfigueroa@ejemplo.com","activo"
"929","julio1967","JULIO CÉSAR RAFAÉL LIRA BAHENA","579034","jlira@ejemplo.com","activo"
"939","Rodrigo0769","RODRIGO ALFREDO MIRELES BOTELLO","983287","rmireles@ejemplo.com","activo"
"944","Cristina1000","CRISTINA VERDUGO CASÁREZ","110754","cverdugo@ejemplo.com","activo"
"945","Ángel0735","ÁNGEL ABREGO OLMOS","449223","áabrego@ejemplo.com","activo"
"964","Mónica0332","MÓNICA MESA LARA","408993","mmesa@ejemplo.com","activo"
"968","Luis0564","LUIS MIGUEL VIGIL MUÑIZ","395901","lvigil@ejemplo.com","activo"
"976","Clara0036","CLARA VIGIL ANGULO","27861","cvigil@ejemplo.com","activo"
"977","Trinidad0101","TRINIDAD ELVIRA RANGEL CRESPO","980912","trangel@ejemplo.com","activo"
"980","Ruby0008","RUBY GÁLVEZ HOLGUÍN","389130","rgálvez@ejemplo.com","activo"
"985","Anabel0150","ANABEL GRIEGO APONTE","492080","agriego@ejemplo.com","activo"
"987","Esparta0788","ESPARTA ALFREDO GUTIÉRREZ PERALES","256377","egutiérrez@ejemplo.com","activo"
"988","Eduardo0611","EDUARDO SALDIVAR MOLINA","797978","esaldivar@ejemplo.com","activo"
"994","Benjamín0313","BENJAMÍN ALVARO NAVA PARTIDA","875472","bnava@ejemplo.com","activo"
"1000","Francisco0634","FRANCISCO JAVIER PEDRAZA ORDÓÑEZ","807353","fpedraza@ejemplo.com","activo"
"1165","Javier0109","JAVIER IRENE LUCERO PERALES","232715","jlucero@ejemplo.com","activo"
"1568","Citlali0522","CITLALI GUADALUPE VILLASEÑOR SERNA","870659","cvillaseñor@ejemplo.com","activo"
"1971","Lorenzo0875","LORENZO COVARRUBIAS MAYORGA","509199","lcovarrubias@ejemplo.com","activo"
"2374","Silvano0629","SILVANO HORACIO SANTANA TREVIÑO","240284","ssantana@ejemplo.com","activo"
"2777","Adela0158","ADELA ÁNGEL AGUAYO ALVAREZ","974695","aaguayo@ejemplo.com","activo"
"3180","Alta0769","ALTA  GRACIA ARIADNA ORTA BARRETO","931033","aorta@ejemplo.com","activo"
"3583","Bernabé0884","BERNABÉ OCHOA VELÁZQUEZ","876570","bochoa@ejemplo.com","activo"
"3986","Olivia0796","OLIVIA MARÍA CRISTINA APODACA ALMARAZ","936900","oapodaca@ejemplo.com","activo"
"4389","Ana0267","ANA PICHARDO DÍAZ","542036","apichardo@ejemplo.com","activo"
"4792","Soledad0157","SOLEDAD BADILLO GRIJALVA","15546","sbadillo@ejemplo.com","activo"
"5195","Marcela0315","MARCELA CEDILLO MONROY","417398","mcedillo@ejemplo.com","activo"
"5598","Ángel0106","ÁNGEL GABINO RINCÓN SANDOVAL","627063","árincón@ejemplo.com","activo"
"6001","Daniela0068","DANIELA ALTA  GRACIA BUSTAMANTE CORREA","660817","dbustamante@ejemplo.com","activo"
"6404","Magdalena0350","MAGDALENA JOSÉ EMILIO BUENO MARRERO","854682","mbueno@ejemplo.com","activo"
"6807","José0440","JOSÉ VÁZQUEZ ESPINO","878589","jvázquez@ejemplo.com","activo"
"7210","Marcos0899","MARCOS SALAZAR MACÍAS","196288","msalazar@ejemplo.com","activo"
"7613","Leonel0923","LEONEL GUAJARDO VÁZQUEZ","540214","lguajardo@ejemplo.com","activo"
"8016","Georgina0843","GEORGINA AGUAYO MAGAÑA","924762","gaguayo@ejemplo.com","activo"
"8419","Conchita0789","CONCHITA FLÓREZ GALLARDO","510875","cflórez@ejemplo.com","activo"
"8822","Catalina0359","CATALINA MARTÍN RAMOS QUINTANILLA","467090","cramos@ejemplo.com","activo"
"9225","Eugenio0762","EUGENIO MARÍA LUGO CALDERA","890457","elugo@ejemplo.com","activo"
